run_id,users,instances,transaction,samples,rps,avg_ms,p50_ms,p95_ms,p99_ms,peak_ms,errors,error_pct
run-1-baseline-10u-v2,10,1,GET /api/dashboard,632,5.27,90.0,41.0,320.0,540.0,1170.0,0,0.0
run-1-baseline-10u-v2,10,1,GET /api/heavy-operation,316,2.63,183.0,133.0,470.0,620.0,1190.0,0,0.0
run-1-baseline-10u-v2,10,1,GET /api/orders,632,5.27,84.0,32.0,320.0,600.0,1640.0,0,0.0
run-1-baseline-10u-v2,10,1,GET /api/products,2529,21.07,85.0,32.0,340.0,620.0,2240.0,0,0.0
run-1-baseline-10u-v2,10,1,GET /api/products/1,948,7.9,72.0,29.0,272.0,520.0,1110.0,0,0.0
run-1-baseline-10u-v2,10,1,GET /api/search?q=laptop,1264,10.53,80.0,30.0,310.0,620.0,1910.0,0,0.0
run-1-baseline-10u-v2,10,1,GET /health,6327,52.73,77.0,30.0,290.0,550.0,2230.0,0,0.0
run-1-baseline-10u-v2,10,1,POST /api/orders,632,5.27,89.0,43.0,330.0,520.0,1270.0,0,0.0
run-2-light-50u-v2,50,1,GET /api/dashboard,876,6.9,362.0,150.0,1370.0,2090.0,5130.0,0,0.0
run-2-light-50u-v2,50,1,GET /api/heavy-operation,437,3.44,300.0,205.0,820.0,1930.0,2500.0,0,0.0
run-2-light-50u-v2,50,1,GET /api/orders,874,6.88,277.0,126.0,945.0,1610.0,3020.0,0,0.0
run-2-light-50u-v2,50,1,GET /api/products,3503,27.58,284.0,121.0,1013.0,2000.0,5320.0,0,0.0
run-2-light-50u-v2,50,1,GET /api/products/1,1313,10.34,254.0,102.0,880.0,1470.0,4820.0,0,0.0
run-2-light-50u-v2,50,1,GET /api/search?q=laptop,1752,13.8,273.0,118.0,943.0,1920.0,3550.0,0,0.0
run-2-light-50u-v2,50,1,GET /health,8778,69.12,283.0,119.0,1038.0,1980.0,5390.0,0,0.0
run-2-light-50u-v2,50,1,POST /api/orders,871,6.86,295.0,121.0,1040.0,1940.0,5320.0,0,0.0
run-3-medium-100u-v2,100,1,GET /api/dashboard,1022,8.38,591.0,298.0,2070.0,5040.0,13040.0,0,0.0
run-3-medium-100u-v2,100,1,GET /api/heavy-operation,507,4.16,479.0,239.0,1420.0,5970.0,12750.0,0,0.0
run-3-medium-100u-v2,100,1,GET /api/orders,1017,8.34,524.0,223.0,1900.0,5210.0,13170.0,0,0.0
run-3-medium-100u-v2,100,1,GET /api/products,4084,33.48,475.0,220.0,1668.0,4260.0,13170.0,0,0.0
run-3-medium-100u-v2,100,1,GET /api/products/1,1527,12.52,505.0,251.0,1753.0,5130.0,11760.0,0,0.0
run-3-medium-100u-v2,100,1,GET /api/search?q=laptop,2038,16.7,452.0,220.0,1700.0,3690.0,9840.0,0,0.0
run-3-medium-100u-v2,100,1,GET /health,10253,84.04,479.0,219.0,1805.0,4548.0,13140.0,0,0.0
run-3-medium-100u-v2,100,1,POST /api/orders,1013,8.3,561.0,256.0,2010.0,4420.0,11980.0,0,0.0
run-4-heavy-250u-v2,250,1,GET /api/dashboard,1076,8.41,1385.0,430.0,8170.0,15010.0,15020.0,28,2.6
run-4-heavy-250u-v2,250,1,GET /api/heavy-operation,535,4.18,1316.0,282.0,9930.0,15010.0,15030.0,17,3.18
run-4-heavy-250u-v2,250,1,GET /api/orders,1063,8.3,1194.0,336.0,8710.0,15010.0,15020.0,22,2.07
run-4-heavy-250u-v2,250,1,GET /api/products,4305,33.63,1184.0,350.0,8049.0,15010.0,15020.0,111,2.58
run-4-heavy-250u-v2,250,1,GET /api/products/1,1608,12.56,1127.0,329.0,5940.0,15010.0,15020.0,33,2.05
run-4-heavy-250u-v2,250,1,GET /api/search?q=laptop,2152,16.81,1083.0,334.0,4897.0,15010.0,15020.0,39,1.81
run-4-heavy-250u-v2,250,1,GET /health,10885,85.04,1173.0,335.0,7480.0,15010.0,15030.0,278,2.55
run-4-heavy-250u-v2,250,1,POST /api/orders,1051,8.21,1131.0,340.0,5170.0,15010.0,15010.0,21,2.0
run-5-stress-500u-v2,500,1,GET /api/dashboard,1097,8.78,2600.0,358.0,14820.0,15010.0,15030.0,56,5.1
run-5-stress-500u-v2,500,1,GET /api/heavy-operation,532,4.26,2015.0,315.0,15000.0,15010.0,15020.0,28,5.26
run-5-stress-500u-v2,500,1,GET /api/orders,1068,8.54,2371.0,285.0,15010.0,15010.0,15020.0,62,5.81
run-5-stress-500u-v2,500,1,GET /api/products,4374,34.99,2352.0,284.0,15010.0,15010.0,15020.0,256,5.85
run-5-stress-500u-v2,500,1,GET /api/products/1,1615,12.92,2203.0,288.0,13265.0,15010.0,15020.0,78,4.83
run-5-stress-500u-v2,500,1,GET /api/search?q=laptop,2183,17.46,2363.0,279.0,15010.0,15010.0,15030.0,133,6.09
run-5-stress-500u-v2,500,1,GET /health,11152,89.22,2361.0,294.0,15010.0,15010.0,15040.0,632,5.67
run-5-stress-500u-v2,500,1,POST /api/orders,1046,8.37,2633.0,285.0,15010.0,15010.0,15030.0,60,5.74
run-6-scaled-2inst-500u,500,2,GET /api/dashboard,848,6.47,3620.0,2200.0,15010.0,15010.0,15030.0,82,9.67
run-6-scaled-2inst-500u,500,2,GET /api/heavy-operation,411,3.14,2544.0,713.0,15010.0,15020.0,15030.0,43,10.46
run-6-scaled-2inst-500u,500,2,GET /api/orders,827,6.31,2987.0,1402.0,15010.0,15020.0,15020.0,81,9.79
run-6-scaled-2inst-500u,500,2,GET /api/products,3389,25.87,3021.0,1382.0,15010.0,15020.0,15040.0,342,10.09
run-6-scaled-2inst-500u,500,2,GET /api/products/1,1253,9.56,2925.0,1384.0,15010.0,15020.0,15030.0,118,9.42
run-6-scaled-2inst-500u,500,2,GET /api/search?q=laptop,1701,12.98,2970.0,1406.0,15010.0,15020.0,15030.0,166,9.76
run-6-scaled-2inst-500u,500,2,GET /health,8742,66.73,3001.0,1387.0,15010.0,15020.0,15040.0,875,10.01
run-6-scaled-2inst-500u,500,2,POST /api/orders,805,6.15,3708.0,2160.0,15010.0,15020.0,15030.0,76,9.44
